Algoritmo,Timesteps,Learning_Rate,Gamma
PPO,10000,0.001,0.9
PPO,20000,0.0001,0.99
PPO,5000,0.00001,0.999
A2C,10000,0.001,0.9
A2C,20000,0.0001,0.99
A2C,5000,0.00001,0.999